<?xml version="1.0" encoding="UTF-8"?>
<beans
	xsi:schemaLocation="http://www.springframework.org/schema/beans http://www.springframework.org/schema/beans/spring-beans.xsd http://www.springframework.org/schema/context http://www.springframework.org/schema/context/spring-context.xsd"
	xmlns:p="http://www.springframework.org/schema/p"
	xmlns:context="http://www.springframework.org/schema/context"
	xmlns:xsi="http://www.w3.org/2001/XMLSchema-instance"
	xmlns="http://www.springframework.org/schema/beans">
	
	<bean name="Customer" class="com.springcore.collection.map.Customer" p:name="abc">
	
	<property name="product">
	<map>
	<entry key="1001">
	
	<value>pendrive</value>
	
	</entry>
	
	<entry key="1002">
	
	<value> Hard_disk</value>
	
	</entry>
	</map>
	
	
	</property>
	
	</bean>
	
	
	
</beans>