<?xml version="1.0" encoding="UTF-8" ?>
<configuration>
    <property name="app_name" value="QuizeApp"/>
    <appender name="FILE" class="ch.qos.logback.core.rolling.RollingFileAppender">
        <file>logs/${app_name}.log</file>
        <encoder>
            <pattern>%date %level [%thread] %logger{10} [%file:%line] %msg%n</pattern>
        </encoder>
        <rollingPolicy class="ch.qos.logback.core.rolling.TimeBasedRollingPolicy">
            <fileNamePattern>logs/${app_name}.%d{yyyy-MM-dd}.log</fileNamePattern>
            <maxHistory>7</maxHistory>
            <totalSizeCap>5GB</totalSizeCap>
        </rollingPolicy>
    </appender>

    <appender name="STDOUT" class="ch.qos.logback.core.ConsoleAppender">
        <encoder>
            <pattern>%date %level [%thread] %logger{10} [%file:%line] %msg%n</pattern>
        </encoder>
    </appender>

    <root level="INFO">
        <appender-ref ref="STDOUT"/>
        <appender-ref ref="FILE"/>
    </root>
</configuration>