<?xml version="1.0" encoding="UTF-8"?>
<beans
	xsi:schemaLocation="http://www.springframework.org/schema/beans http://www.springframework.org/schema/beans/spring-beans.xsd http://www.springframework.org/schema/context http://www.springframework.org/schema/context/spring-context.xsd"
	xmlns:p="http://www.springframework.org/schema/p"
	xmlns:context="http://www.springframework.org/schema/context"
	xmlns:xsi="http://www.w3.org/2001/XMLSchema-instance"
	xmlns="http://www.springframework.org/schema/beans">
	
	
	
<bean name="employee"
	class="com.maven.springframework.SpringCore.Employee">  <!-- copy path Employee qualified name  -->


	<property name="name">
		<value>ABC</value>
	</property>

	<property name="empid">
		<value>inf001</value>
	</property>

	<property name="sal">
		<value>50000</value>
	</property>


</bean>
</beans>









